<application id="KonyAppDynamics" name="KonyAppDynamics" ffixmlversion="2.0" language="js"><jsnamespace namespace="my.appdynamicsffi" iphoneheaders="" ipadheaders=""><jsclasses></jsclasses><jsfunctions><jsfunction name="initWithAppKey" returntype="void"><params><param name="key" type="String"/></params><mappings><mapping platform="android" library="konyAppDynamicsFFI.jar" namespace="com.appdynamicsffi.sample" class="AppDynamics" static="true" method="initWithAppKey" returntype="void"  frameworks=""><params><param type="java.lang.String"/></params></mapping></mappings></jsfunction><jsfunction name="reportMetricWithNameAndCounter" returntype="void"><params><param name="metricName" type="String"/><param name="counter" type="Number"/></params><mappings><mapping platform="android" library="konyAppDynamicsFFI.jar" namespace="com.appdynamicsffi.sample" class="AppDynamics" static="true" method="reportMetricWithName" returntype="void"  frameworks=""><params><param type="java.lang.String"/><param type="long"/></params></mapping></mappings></jsfunction><jsfunction name="setUserData" returntype="void"><params><param name="key" type="String"/><param name="value" type="String"/><param name="persist" type="Boolean"/></params><mappings><mapping platform="android" library="konyAppDynamicsFFI.jar" namespace="com.appdynamicsffi.sample" class="AppDynamics" static="true" method="setUserData" returntype="void"  frameworks=""><params><param type="java.lang.String"/><param type="java.lang.String"/><param type="boolean"/></params></mapping></mappings></jsfunction></jsfunctions></jsnamespace></application>