<?xml version="1.0" encoding="UTF-8" standalone="yes"?><javaScriptFFIContainer><namespaces name="my.appdynamicsffi"><jsFunctions name="initWithAppKey"><mappings platformId="8"><nativeFunction className="AppDynamics" frameworks="" library="appdffi.jar" name="initWithAppKey" packageName="com.appdynamicsffi.sample2" static="false"><params dataType="java.lang.String"/><versionSpecificLibraries><entry><key>5.0</key></entry><entry><key>6.0</key></entry></versionSpecificLibraries></nativeFunction></mappings><params dataType="String" name="key"/><returnTypes>void</returnTypes></jsFunctions><jsFunctions name="reportMetricWithNameAndCounter"><mappings platformId="8"><nativeFunction className="AppDynamics" frameworks="" library="appdffi.jar" name="reportMetricWithName" packageName="com.appdynamicsffi.sample2" static="false"><params dataType="java.lang.String"/><params dataType="long"/><versionSpecificLibraries><entry><key>5.0</key></entry><entry><key>6.0</key></entry></versionSpecificLibraries></nativeFunction></mappings><params dataType="String" name="metricName"/><params dataType="Number" name="counter"/><returnTypes>void</returnTypes></jsFunctions><jsFunctions name="setUserData"><mappings platformId="8"><nativeFunction className="AppDynamics" frameworks="" library="appdffi.jar" name="setUserData" packageName="com.appdynamicsffi.sample2" static="false"><params dataType="java.lang.String"/><params dataType="java.lang.String"/><params dataType="boolean"/><versionSpecificLibraries><entry><key>5.0</key></entry><entry><key>6.0</key></entry></versionSpecificLibraries></nativeFunction></mappings><params dataType="String" name="key"/><params dataType="String" name="value"/><params dataType="Boolean" name="persist"/><returnTypes>void</returnTypes></jsFunctions></namespaces></javaScriptFFIContainer>
