<?xml version="1.0" encoding="UTF-8" standalone="yes"?>
<plugins>
    <pluginInfo version-no="6.0.3.GA_v201511251049_r8" plugin-id="com.pat.tool.keditor.KEditorPlugin" plugin-name="Kony Studio"/>
    <pluginInfo version-no="6.0.3.GA_v201503251251" plugin-name="Third Party Jars Plug-in"/>
    <pluginInfo version-no="6.0.3.GA_v201503251251" plugin-id="com.pat.soapui.SoapUIPlugin" plugin-name="Soap UI Plugin"/>
    <pluginInfo version-no="6.0.3.GA_v201509241346_r7" plugin-name="Kony Codegenerator"/>
    <pluginInfo version-no="6.0.0.GA_v201412101407" plugin-id="com.kony.help.Activator" plugin-name="KonyHelp Plug-in"/>
    <pluginInfo version-no="6.0.3.GA_v201503251255" plugin-id="com.kony.nativecodegen.NativeCodeGenPlugin" plugin-name="Nativecodegen"/>
    <pluginInfo version-no="6.0.3.GA_v201503251251" plugin-name="Kony Studio Licensing"/>
    <pluginInfo version-no="6.0.3.GA_v201506251520_r4" plugin-id="com.kony.cloudmiddleware.Activator" plugin-name="CloudMiddlewarePlugin"/>
    <pluginInfo version-no="6.0.3.GA_v201506251520_r4" plugin-id="com.kony.cloudthirdparty.Activator" plugin-name="CloudThirdPartyPlugin"/>
    <pluginInfo version-no="6.0.3.GA_v201505291026_r1" plugin-id="com.viz.ide.VisualiserIDEPlugin" plugin-name="Visualizer Integration Plugin"/>
    <pluginInfo version-no="6.0.3.GA_v201503251722" plugin-id="com.kony.studio.cloud.StudioCloudPlugin" plugin-name="Kony Studio Cloud Integration"/>
    <pluginInfo version-no="6.0.2.GA_v201502112312" plugin-id="com.kony.studio.sky.SkyPlugin" plugin-name="Sky Data Explorer"/>
    <pluginInfo version-no="6.0.3.GA_v201503251758" plugin-name="Functional Preview Plugin"/>
    <pluginInfo version-no="6.0.3.GA_v201511182020_r29" plugin-id="com.pat.android.Activator" plugin-name="Tablet Android"/>
    <pluginInfo version-no="6.0.3.GA_v201601211122_r35" plugin-id="com.pat.android.Activator" plugin-name="Android"/>
    <pluginInfo version-no="6.0.3.GA_v201507081527_r2" plugin-id="thinclientplugin.Activator" plugin-name="ThinClient"/>
    <pluginInfo version-no="6.0.3.GA_v201507081521_r9" plugin-name="SPA"/>
    <pluginInfo version-no="6.0.3.GA_v201507141203_r11" plugin-name="Desktop Web"/>
    <pluginInfo version-no="6.0.3.GA_v201507031638_r6" plugin-id="com.kony.sync.ide.SyncPlugin" plugin-name="Kony Sync"/>
    <pluginInfo version-no="6.0.3.GA_v201506241116_r1" plugin-id="com.kony.web.Activator" plugin-name="Kony Web Commons"/>
    <pluginInfo version-no="6.0.3.GA_v201601131719_r38" plugin-id="iosplugin.Activator" plugin-name="iOS Plugin"/>
    <pluginInfo version-no="6.0.2.GA_v201502111508" plugin-id="com.kony.mobile.fabric.client.sdk.MBaasSDKPlugin" plugin-name="MobileFabric Client SDK"/>
</plugins>
